Label,# Samples,Average,Min,Max,Std. Dev.,Error %,Throughput,Received KB/sec,Sent KB/sec,Avg. Bytes
post_title,10000,515,8,2536,306.43,0.000%,64.44005,817.44,12.59,12989.7
post_contents,10000,497,8,2550,282.44,0.000%,65.02754,825.15,12.95,12993.7
client_nick,10000,504,9,2355,290.77,0.000%,65.13130,826.59,14.25,12995.7
TOTAL,30000,506,8,2550,293.47,0.000%,193.27655,2452.39,39.51,12993.0
