Label,# Samples,Average,Min,Max,Std. Dev.,Error %,Throughput,Received KB/sec,Sent KB/sec,Avg. Bytes
post_title,10000,712,9,3602,377.88,0.000%,46.60527,591.21,9.10,12990.0
post_contents,10000,698,8,3085,353.70,0.000%,47.00220,596.43,9.36,12994.0
client_nick,10000,697,10,2578,348.58,0.000%,47.09162,597.66,10.30,12996.0
TOTAL,30000,703,8,3602,360.35,0.000%,139.79236,1773.80,28.58,12993.3
